1,"battery",-75.9927155055111
1,"can-imports",282256.951608174
1,"distPV",140.744552832
1,"lfill-gas",3739.38048
1,"wind-ons_6",31430.9342183616
1,"wind-ons_7",99346.5564061872
1,"hydND",4427.54970753649
1,"hydUD",102411.863885787
1,"hydUND",29717.8071191315
1,"hydED",98608.7678586276
1,"hydEND",362086.139292168
10,"distPV",4520.758840416
10,"Gas-CC",1956422.8352
10,"lfill-gas",53635.5584
10,"pumped-hydro",134615.94230598
10,"wind-ons_1",20892.2589478369
10,"wind-ons_3",27719.218309469
10,"wind-ons_6",37931.3208665831
10,"wind-ons_7",168216.641781699
10,"wind-ons_8",304736.461938595
10,"wind-ons_9",213121.665065599
10,"wind-ons_10",219148.364700241
10,"hydNPND",29912.5213094222
10,"hydED",8523.14016944761
10,"hydEND",293283.717727556
10,"geohydro_pflash_1",497352
100,"distPV",9.321021216
100,"Gas-CC",956765.1136
100,"hydEND",845.181377151623
101,"coal-new",273292.1088
101,"CoalOldScr",1490041.31776
101,"Gas-CC",1745729.1456
101,"lfill-gas",96544.00512
101,"hydUD",684.96141471501
101,"hydED",9717.95856741067
101,"hydEND",1312.43462093654
102,"Gas-CC",6849884.5088
102,"lfill-gas",106175.74272
102,"Nuclear",2321400.585888
103,"can-imports",80766.0383999998
103,"coal-new",1930425.1808
103,"CoalOldScr",1290945.6192
103,"CoalOldUns",761143.6946496
103,"Gas-CC",2210272.34522857
103,"lfill-gas",46307.88352
103,"Nuclear",741522.208
103,"pumped-hydro",-715.237380221109
103,"wind-ons_3",5775.22843741323
103,"wind-ons_4",233626.204872568
103,"wind-ons_5",381694.383889273
103,"hydED",2118.80427328065
103,"hydEND",104624.398061499
104,"lfill-gas",2946.17856
104,"Nuclear",1414806.176
104,"hydEND",10838.9571732954
105,"battery",-865.882352941173
105,"coal-new",708761.50848
105,"distPV",111.115996992
105,"Gas-CC",456871.264
105,"lfill-gas",20094.44864
105,"wind-ons_5",72791.4687768272
105,"wind-ons_6",954667.361125633
105,"hydEND",5397.9263273743
106,"Gas-CC",344960.961004578
107,"Coal-IGCC",338249.408
107,"coal-new",1920234.84306424
107,"CoalOldScr",2383934.25696
107,"distPV",54.896916672
107,"Gas-CC",418527.872
107,"lfill-gas",2115.20512
107,"wind-ons_6",145101.175609117
107,"hydEND",22188.136478199
108,"coal-new",433743.344256
108,"CoalOldScr",205637.683534306
108,"distPV",14.891003712
108,"Gas-CC",714876.8
109,"coal-new",1697327.76704531
109,"CoalOldScr",755157.924957743
109,"Gas-CC",1422808.00788856
109,"lfill-gas",8196.41984
109,"hydNPND",57612.1444326628
109,"hydEND",29452.1359676902
11,"distPV",657.3424104
11,"Gas-CC",1160900.67705292
11,"lfill-gas",9216.25088
11,"pumped-hydro",13558.46688
11,"wind-ons_7",7269.10951432411
11,"wind-ons_8",20456.3772721399
11,"wind-ons_9",574.477376104028
11,"hydEND",4516.74191836704
110,"Gas-CC",674405.413375801
110,"hydNPND",48001.7302065583
111,"Gas-CC",3702908.07011081
111,"lfill-gas",28102.01088
111,"wind-ofs_1",6852.28408155291
111,"wind-ons_6",2335.51195608416
112,"coal-new",1856180.824576
112,"CoalOldScr",1785987.904
112,"Gas-CC",1357356.0768
112,"lfill-gas",4985.84064
112,"wind-ons_5",65316.8609706825
112,"wind-ons_6",392521.436440779
112,"hydEND",29851.681231275
113,"Gas-CC",1469881.60531938
114,"CoalOldScr",793146.44032
114,"Gas-CC",335749.963778745
114,"lfill-gas",1699.7184
114,"hydEND",214.94099213429
115,"coal-new",770731.6928
115,"CoalOldScr",407540.864
115,"distPV",229.186140768
115,"Gas-CC",1219189.888
115,"lfill-gas",1813.03296
115,"wind-ons_2",4168.00044740641
115,"wind-ons_3",18371.7920168579
115,"hydUND",2085.68554550043
115,"hydNPND",3531.18745381621
115,"hydEND",46277.1908835635
116,"coal-new",167810.944
116,"distPV",39.961737504
116,"Gas-CC",656061.936
116,"wind-ons_1",51845.607528215
116,"wind-ons_2",54614.764409146
116,"wind-ons_3",35113.5450595159
116,"wind-ons_4",37499.6329038325
116,"wind-ons_5",23903.0190794639
116,"hydNPND",20434.8732148701
116,"hydEND",62222.7856364945
117,"lfill-gas",830.97344
117,"hydUND",40652.743301635
117,"hydEND",84560.4162502875
118,"coal-new",365588.128
118,"lfill-gas",4457.03936
118,"wind-ons_2",41112.7331170017
118,"wind-ons_3",31487.6869827383
118,"wind-ons_4",30604.4964741054
118,"hydED",24317.4391176613
118,"hydEND",29127.6722751929
119,"distPV",12.180025728
119,"wind-ons_1",30514.69486528
119,"wind-ons_2",68049.1593292402
119,"wind-ons_3",34426.4365804633
12,"coal-new",130892.53632
12,"CoalOldUns",34597.3861818182
12,"distPV",198.717476256
12,"Gas-CC",295978.720384897
12,"lfill-gas",1208.68864
12,"wind-ons_7",39514.631480468
12,"wind-ons_8",3132.37875188835
12,"csp2_12",58541.5476796258
12,"hydEND",6028.27433158538
12,"geohydro_pflash_1",215280
120,"distPV",9.872051904
120,"lfill-gas",2417.37728
121,"distPV",102.34755648
121,"lfill-gas",755.4304
121,"wind-ons_1",6853.40868207463
121,"wind-ons_2",46944.4971398068
121,"wind-ons_3",85071.6406637702
121,"wind-ons_4",60907.6541135791
121,"hydEND",2926.95145506145
122,"coal-new",907977.072
122,"CoalOldScr",473514.537984
122,"distPV",1137.993846912
122,"Gas-CC",6904086.88612522
122,"lfill-gas",139943.4816
122,"Nuclear",3077739.5904
122,"wind-ons_1",224867.268822247
122,"wind-ons_2",312463.460628299
122,"wind-ons_3",65815.2605659063
122,"wind-ons_4",38613.8354635536
122,"hydUD",1309.49516930417
122,"hydUND",20456.4357667032
122,"hydED",13137.3045082318
122,"hydEND",215269.986437518
123,"distPV",808.224067872
123,"Gas-CC",1686199.4048
123,"lfill-gas",49102.976
123,"Nuclear",1109878.7264
123,"wind-ofs_2",90001.0699314247
123,"wind-ofs_3",57093.6769010807
123,"wind-ons_7",33333.6639891136
123,"hydUND",18232.2558944443
123,"hydEND",196935.884046255
124,"distPV",0.985810176
125,"distPV",215.053869888
125,"Gas-CC",205364.608
125,"lfill-gas",3777.152
126,"distPV",4490.500203072
126,"Gas-CC",1944594.8736
126,"lfill-gas",62134.1504
126,"Nuclear",2286435.9616
126,"wind-ofs_2",429175.439897184
126,"wind-ons_4",31.9400414089416
126,"wind-ons_5",2005.16421162
126,"hydEND",1907.91672071576
127,"battery",-1432.12030353053
127,"biopower",4572.768
127,"can-imports",659676.9048
127,"coal-new",422523.984
127,"CoalOldScr",447515.82816
127,"distPV",2147.137963776
127,"Gas-CC",1871872.4064
127,"lfill-gas",84192.71808
127,"Nuclear",2176475.561888
127,"wind-ofs_2",166100.363296688
127,"wind-ofs_3",81101.3102858604
127,"wind-ons_1",141046.063083073
127,"wind-ons_2",207442.118707501
127,"wind-ons_3",295222.982771376
127,"wind-ons_4",643042.992877026
127,"wind-ons_5",417280.841081477
127,"hydUD",42166.0861861858
127,"hydUND",12330.9427492454
127,"hydED",1313949.91187583
127,"hydEND",273916.673268008
128,"battery",-4188.40685714874
128,"distPV",1328.176935072
128,"Gas-CC",294919.1744
128,"lfill-gas",36373.97376
128,"wind-ofs_1",168801.807619211
128,"wind-ofs_2",250942.033424341
128,"wind-ons_2",615.889947555009
128,"wind-ons_3",1467.1425882977
129,"can-imports",1157821.7664
129,"distPV",521.862486912
129,"lfill-gas",604.34432
129,"wind-ons_1",12777.0263833177
129,"wind-ons_2",6433.1773520964
129,"wind-ons_3",28564.4600200251
129,"wind-ons_5",3492.17920642781
129,"hydED",19557.5180205554
129,"hydEND",105576.506963225
13,"distPV",462.752626752
13,"Gas-CC",2928644.96979848
13,"lfill-gas",2492.92032
13,"hydED",20360.4849945491
13,"hydEND",429.421447100833
130,"distPV",324.926754048
130,"lfill-gas",8762.99264
130,"Nuclear",811775.1008
130,"wind-ons_1",30972.5595710227
130,"wind-ons_2",7347.58150035086
130,"wind-ons_3",22209.4640671714
130,"wind-ons_4",9587.44040663547
130,"hydED",3635.3658313549
130,"hydEND",150988.263388167
131,"distPV",6684.318448704
131,"Gas-CC",474418.24
131,"lfill-gas",98319.26656
131,"wind-ofs_1",303344.94190203
131,"wind-ons_1",16109.6910831279
131,"wind-ons_2",1471.87754791411
131,"wind-ons_4",8079.9230681486
131,"hydNPND",40.0672969785844
131,"hydED",13209.2303369677
131,"hydEND",86685.0801340905
132,"distPV",1729.252875168
132,"Gas-CC",2119399.87908538
132,"lfill-gas",62398.55104
132,"Nuclear",1356836.1664
132,"wind-ofs_2",67822.5403121531
132,"wind-ofs_3",39845.7204775161
132,"wind-ons_3",270.806663605397
132,"wind-ons_4",26752.3324331796
132,"hydUD",1143.04617324195
132,"hydED",18889.6095689902
132,"hydEND",21448.7718973925
133,"distPV",452.040466176
133,"lfill-gas",13937.69088
133,"wind-ofs_1",144018.091817048
133,"wind-ofs_3",8340.25623243536
133,"wind-ons_3",1386.51856428448
133,"wind-ons_4",15.3222467119313
133,"wind-ons_5",3798.40756998368
133,"wind-ons_6",263.854802832002
133,"hydEND",1232.17570012881
134,"can-imports",58166.8896
134,"distPV",383.7452112
134,"lfill-gas",6572.24448
134,"wind-ons_1",101186.848914564
134,"wind-ons_2",8353.65151378698
134,"wind-ons_3",124077.351089064
134,"wind-ons_4",55100.7718230849
134,"hydUD",10418.5167298586
134,"hydUND",13312.4930308433
134,"hydNPND",45.9242545814835
134,"hydED",97168.8158777821
134,"hydEND",194978.014232381
14,"distPV",46.691131968
14,"lfill-gas",1208.68864
14,"hydUND",13663.2321472454
14,"hydED",12190.1916138769
14,"hydEND",132065.249494916
15,"Gas-CC",1011267.10449116
15,"lfill-gas",1133.1456
15,"wind-ons_8",62844.879642242
15,"hydUD",23099.1796184808
15,"hydED",293832.756849581
15,"hydEND",245613.016065703
16,"distPV",27.8809128
16,"wind-ons_6",20133.4598776213
16,"wind-ons_7",190657.515458437
16,"wind-ons_8",21793.4473208825
16,"hydUD",2338.84815257456
16,"hydNPND",1855.9213855831
16,"hydED",69770.5950346787
16,"hydEND",97142.6412475872
16,"geohydro_pflash_1",6624
17,"distPV",3.755688768
17,"hydUD",14140.24122965
17,"hydUND",9162.80189006866
17,"hydNPND",2550.37735223687
17,"hydED",145267.687256176
17,"hydEND",398982.693715332
18,"can-imports",3363.8512
18,"distPV",4.005241344
18,"wind-ons_1",56858.9252443428
18,"wind-ons_2",11589.2853322514
18,"wind-ons_3",31147.4486755515
18,"wind-ons_4",134277.716697847
18,"wind-ons_5",37159.8067071799
18,"hydUND",28190.8463555184
18,"hydNPND",6220.53230763278
18,"hydED",44323.0172282302
18,"hydEND",180841.830002033
19,"distPV",0.56963088
2,"CoalOldScr",401547.616
2,"distPV",63.361554048
2,"lfill-gas",13786.6048
2,"Nuclear",777266.048
2,"wind-ons_1",3945.32358597983
2,"wind-ons_2",4529.60414260465
2,"wind-ons_3",7354.57227075178
2,"wind-ons_5",12187.3008038921
2,"wind-ons_6",21076.8402440203
2,"wind-ons_7",657276.486666466
2,"wind-ons_8",37530.8296647736
2,"hydUD",58090.3024488172
2,"hydUND",27512.2841428305
2,"hydED",560665.987618368
2,"hydEND",703142.888447406
20,"CoalOldScr",887000.704
20,"distPV",6.44806656
20,"wind-ons_2",16642.2380480582
20,"wind-ons_3",29728.7880288211
20,"wind-ons_4",54283.0507035112
20,"wind-ons_5",26108.2297190965
21,"CoalOldScr",1676910.7904
21,"distPV",4.262544
21,"wind-ons_1",71747.6783482243
21,"hydUND",93.0544795817655
21,"hydEND",20720.1307868731
22,"distPV",0.830808576
23,"coal-new",325923.723054545
23,"CoalOldScr",79590.33344
24,"coal-new",131851.456
24,"CoalOldScr",1354474.048
24,"distPV",16.126366464
24,"wind-ons_1",568717.781545086
24,"hydEND",57422.3653067292
25,"biopower",1805.04
25,"coal-new",269696.16
25,"CoalOldScr",1121337.3001248
25,"distPV",299.616542784
25,"Gas-CC",685958.428464338
25,"lfill-gas",2870.63552
25,"wind-ons_3",4769.03559226871
25,"wind-ons_6",3497.29601250964
25,"wind-ons_7",93992.4974584635
25,"wind-ons_8",19786.888185213
25,"hydNPND",20.5756832888572
25,"hydEND",25204.0741170019
25,"geohydro_pflash_1",23184
26,"CoalOldScr",274490.7584
26,"distPV",36.854730432
26,"hydEND",41875.744526133
27,"Gas-CC",1274409.94891716
27,"wind-ons_6",2965.27610781954
27,"hydUND",13118.2436153041
27,"hydED",13116.4629668401
27,"hydEND",110931.960903019
28,"coal-new",459682.1216
28,"CoalOldScr",209763.68
28,"lfill-gas",2266.2912
28,"Nuclear",2558609.056
28,"pumped-hydro",14074.5252242883
28,"wind-ons_6",28263.0565150063
28,"wind-ons_7",48713.939214466
28,"wind-ons_8",6130.56384462453
28,"csp2_10",165048.449420932
28,"csp2_12",5254.524445732
28,"hydUND",98781.7609246935
28,"hydED",2328.91034403487
28,"hydEND",258505.048888408
29,"coal-new",498638.2336
29,"CoalOldScr",931950.064
29,"distPV",8.9900928
3,"can-imports",143963.8448
3,"distPV",97.241803776
3,"lfill-gas",8574.13504
3,"wind-ons_8",28253.8823976629
3,"hydUD",4462.35423627846
3,"hydED",371473.167782027
3,"hydEND",315154.56655769
30,"Gas-CC",818729.280600496
31,"battery",1324.8
31,"coal-new",507628.1056
31,"CoalOldScr",1070993.4176
31,"distPV",268.849500192
31,"lfill-gas",1208.68864
31,"wind-ons_1",80112.3433031236
31,"wind-ons_2",250224.456657141
31,"wind-ons_6",40946.0429528725
31,"wind-ons_7",14028.7732347674
31,"hydEND",17638.313613062
32,"distPV",59.76861696
33,"CoalOldScr",1259780.7296
33,"distPV",896.330852352
33,"lfill-gas",2379.60576
33,"pumped-hydro",-875.911297888791
33,"wind-ons_1",28052.7231557661
33,"wind-ons_3",7939.08369810798
33,"wind-ons_4",180.34810908454
33,"wind-ons_5",470424.308662885
33,"wind-ons_6",7772.19197618063
33,"wind-ons_7",12776.2941114034
33,"hydUND",1275.29803646857
33,"hydNPND",1617.61226551114
33,"hydEND",78077.5716867152
34,"coal-new",650267.408
34,"CoalOldScr",249319.1168
34,"distPV",652.927189824
34,"wind-ons_1",25860.8010536214
34,"wind-ons_2",6716.77200873136
34,"wind-ons_3",49808.2650985104
34,"wind-ons_4",56247.979775418
34,"wind-ons_5",373180.255621244
34,"wind-ons_6",235624.259761159
34,"wind-ons_7",72267.0828445644
34,"hydED",17302.5860156373
34,"hydEND",55288.6473110422
35,"distPV",4.482646272
35,"wind-ons_2",42324.8599584071
35,"hydUND",4408.20454161039
35,"hydEND",58629.1204034182
36,"coal-new",142039.9776
36,"CoalOldScr",539632.04992
36,"distPV",11.899472832
36,"wind-ons_1",66648.5546040058
36,"wind-ons_2",391429.448523309
36,"wind-ons_3",426775.215965209
36,"hydUD",7550.42606197623
36,"hydED",79997.3626779549
37,"can-imports",351826.6112
37,"coal-new",55317.67904
37,"CoalOldScr",687125.8832
37,"distPV",32.306983488
37,"wind-ons_1",100468.133345937
37,"wind-ons_2",205561.195235271
37,"wind-ons_3",101119.304233706
38,"coal-new",94693.3184
38,"distPV",34.443680544
38,"wind-ons_1",232356.082457046
38,"wind-ons_2",215914.814523656
38,"wind-ons_3",50490.3590149301
38,"wind-ons_4",43351.3133704375
38,"hydUD",13400.4850167891
38,"hydED",165584.287726836
39,"distPV",25.8077664
39,"wind-ons_2",9969.17736857034
39,"hydEND",4399.37518497133
4,"distPV",8.42433696
4,"hydUD",83649.6476946761
4,"hydUND",87205.1193025168
4,"hydED",2910620.24280882
4,"hydEND",827415.333455657
40,"coal-new",139042.7542752
40,"CoalOldUns",46148.0096
40,"wind-ons_1",100470.655270682
40,"wind-ons_2",352282.303503782
40,"wind-ons_3",239285.041594131
40,"hydED",1569.87438967255
40,"hydEND",72412.5508396052
41,"lfill-gas",4230.41024
41,"Nuclear",500413.76
41,"wind-ons_3",52754.7937841595
42,"can-imports",351826.6112
42,"distPV",20.154858048
42,"wind-ons_2",16657.4078980553
42,"wind-ons_4",3245.18706778577
42,"hydUND",4470.99875828132
42,"hydEND",4918.09863410946
43,"coal-new",354740.34912
43,"CoalOldScr",742863.0896
43,"CoalOldUns",27748.73824
43,"distPV",1197.79036416
43,"lfill-gas",22549.59744
43,"Nuclear",1076864.416
43,"wind-ons_2",2840.38653050757
43,"wind-ons_3",49834.1081083248
43,"wind-ons_4",56625.4159004104
43,"wind-ons_5",923.649960039075
43,"hydNPND",5698.74874990786
43,"hydED",17979.6014961333
43,"hydEND",42639.6815378531
44,"distPV",20.044806912
44,"wind-ons_1",56168.0733090514
44,"wind-ons_2",614330.13759465
44,"wind-ons_3",987.31931559327
44,"hydEND",344.234157582625
45,"coal-new",909356.7176896
45,"CoalOldScr",691620.8192
45,"distPV",26.94702816
45,"lfill-gas",1813.03296
45,"wind-ons_2",193280.299122973
45,"wind-ons_3",940958.91473364
45,"wind-ons_4",507765.232847666
46,"distPV",116.746430112
46,"Gas-CC",19889.5542129172
46,"lfill-gas",1926.34752
46,"wind-ons_5",1982.46122513962
46,"hydUD",2301.82397636648
46,"hydUND",1941.47386444756
46,"hydED",14841.4286010731
46,"hydEND",29714.4192848586
47,"distPV",56.506608288
47,"wind-ons_1",192239.460940362
47,"wind-ons_2",104463.507605389
47,"wind-ons_4",49022.1000452907
47,"wind-ons_5",136422.122563837
48,"wind-ons_1",2144982.50518557
48,"wind-ons_2",683889.090691409
48,"wind-ons_4",241173.669093103
49,"wind-ons_1",129560.848855874
49,"wind-ons_2",163979.348262137
5,"battery",-752.083764705882
5,"distPV",176.989351968
5,"Gas-CC",563972.8064
5,"lfill-gas",16052.896
5,"wind-ons_2",25123.6170029361
5,"wind-ons_4",2234.54040413666
5,"wind-ons_5",50543.5296679446
5,"wind-ons_6",225920.722601654
5,"wind-ons_7",815503.158527649
5,"hydUD",40412.0643909081
5,"hydUND",79784.8804056572
5,"hydNPND",6627.65529384107
5,"hydED",1856752.8178876
5,"hydEND",1127384.33529003
50,"wind-ons_1",1541729.87896517
50,"wind-ons_2",635042.921740989
50,"wind-ons_3",413138.580076695
50,"wind-ons_4",87146.4597509385
50,"hydED",47736.6706625585
50,"hydEND",59883.2012521962
51,"CoalOldScr",110275.7632
51,"Gas-CC",599521.68
51,"lfill-gas",1586.40384
51,"pumped-hydro",-10781.8960491383
51,"wind-ons_3",49976.5511238615
51,"wind-ons_4",5561.33792824719
51,"hydED",16602.3952986303
51,"hydEND",111720.334424781
52,"CoalOldScr",215037.73824
52,"wind-ons_3",98398.6444970615
53,"coal-new",1385540.86626909
53,"CoalOldScr",656603.905658182
53,"lfill-gas",3399.4368
53,"Nuclear",796112.8
53,"wind-ons_1",774244.795678104
53,"wind-ons_2",400414.527877268
53,"wind-ons_3",195697.243733813
53,"wind-ons_4",506578.052859534
53,"hydNPND",2217.30902693422
53,"hydEND",967.450790171836
54,"battery",-432.941176470588
54,"coal-new",1286091.08832
54,"distPV",38.42877168
54,"lfill-gas",1510.8608
54,"wind-ons_4",234529.351656202
54,"wind-ons_5",92537.6049416087
55,"coal-new",182194.7392
55,"distPV",21.47159664
55,"lfill-gas",1133.1456
55,"hydED",3950.95132735747
55,"hydEND",51945.152726964
56,"CoalOldScr",126577.39776
56,"Gas-CC",167188.512613881
56,"lfill-gas",1510.8608
56,"hydED",56221.9571306951
56,"hydEND",24214.9921336502
57,"CoalOldScr",432112.5814752
57,"Gas-CC",334302.3872
58,"distPV",234.149292
58,"Gas-CC",5423485.79147897
58,"Nuclear",1386146.1152
58,"hydEND",99516.7654533855
59,"battery",368
59,"Gas-CC",92219.1072
59,"lfill-gas",1057.60256
6,"battery",460
6,"distPV",63.947460096
6,"Gas-CC",1353537.39892439
6,"lfill-gas",604.34432
6,"hydUND",3900.51765766306
6,"hydED",24483.4404026061
6,"hydEND",119303.456372347
60,"battery",-22426.3529411765
60,"wind-ons_1",517454.574979738
60,"wind-ons_2",1313888.51786615
60,"wind-ons_3",371304.64065465
60,"wind-ons_4",399725.570105758
61,"battery",-1731.76470588235
61,"wind-ons_1",1093051.74325254
61,"wind-ons_2",200934.364193791
61,"hydEND",11505.4660027046
62,"battery",-5879.60271870714
62,"wind-ons_1",501910.340066695
62,"wind-ons_2",81743.4135560498
62,"wind-ons_3",39961.5463872488
63,"coal-new",1920835.984
63,"CoalOldScr",988286.5952
63,"Gas-CC",2644719.216
63,"lfill-gas",12237.97248
63,"Nuclear",1559731.2
63,"wind-ons_1",112540.993591386
63,"wind-ons_2",792155.864238133
63,"wind-ons_3",85373.422739692
63,"wind-ons_4",21640.4915479096
63,"hydED",11029.0053916452
63,"hydEND",459.071609628679
64,"battery",-4669.20796959264
64,"CoalOldScr",967909.552
64,"Gas-CC",1029422.592
64,"lfill-gas",3626.06592
64,"pumped-hydro",-3398.112
64,"wind-ons_1",855653.758222015
64,"hydEND",22791.3085343723
65,"battery",-432.941176470588
65,"coal-new",470469.968
65,"CoalOldScr",378228.432872727
65,"CoalOldUns",190285.624
65,"Gas-CC",1115077.8304
65,"lfill-gas",8989.62176
65,"Nuclear",1663713.28
65,"wind-ons_2",151492.787415076
65,"wind-ons_3",407379.027745876
65,"wind-ons_4",647931.096270327
65,"wind-ons_5",274684.056052721
65,"wind-ons_6",171708.842536973
65,"hydEND",11412.2519350411
66,"Gas-CC",1619371.92173951
66,"lfill-gas",1284.23168
66,"hydED",4359.24522254529
66,"hydEND",14503.7537844069
67,"CoalOldScr",365588.128
67,"Gas-CC",3855968.56002117
67,"lfill-gas",1926.34752
67,"wind-ons_7",5674.44020147111
68,"distPV",61.585235712
68,"wind-ons_1",33440.8756218964
68,"wind-ons_2",166029.632643815
68,"wind-ons_3",384915.321281645
68,"hydEND",1575.38496398533
69,"coal-new",148812.34784
69,"CoalOldScr",27056.7905163636
69,"distPV",12.773681856
69,"wind-ons_4",253734.969628088
69,"wind-ons_5",104136.560939683
69,"hydEND",350.993147445334
7,"distPV",15.4226592
7,"wind-ons_7",17574.396394677
7,"hydUD",6599.79044260142
7,"hydED",74728.6977310535
7,"hydEND",3300.6192403722
70,"coal-new",459562.8559648
70,"CoalOldScr",524588.99744
70,"distPV",26.746301088
70,"lfill-gas",4230.41024
70,"wind-ons_2",27752.8703761157
70,"wind-ons_3",471208.06048558
70,"wind-ons_4",590209.762772567
70,"wind-ons_5",16406.6550742771
70,"hydUND",5740.05368579062
70,"hydNPND",22809.2492471103
70,"hydEND",69358.9820366366
71,"distPV",5.00655168
71,"hydEND",4722.99514471894
72,"coal-new",581345.056
72,"CoalOldUns",1410311.14186667
72,"distPV",71.8626168
72,"lfill-gas",2152.97664
72,"Nuclear",773366.72
72,"hydUD",4392.10239672869
72,"hydED",50216.3707359314
73,"distPV",3.604562208
74,"distPV",0.925359552
74,"Gas-CC",60169.2390370646
74,"wind-ons_1",4649.57169088618
74,"wind-ons_2",23941.6157090595
74,"wind-ons_3",29076.0109305867
74,"hydED",20627.7793610616
74,"hydEND",27242.1050767855
75,"coal-new",249453.627270754
75,"distPV",18.944295552
75,"lfill-gas",3323.89376
75,"Nuclear",775446.3616
75,"wind-ons_3",22097.8412877273
75,"wind-ons_4",47825.9984688896
75,"hydED",10253.795711318
75,"hydEND",14496.856562891
76,"CoalOldScr",274514.731392
76,"distPV",68.411506176
76,"Gas-CC",16377.5417176214
76,"lfill-gas",4910.2976
76,"wind-ons_4",93159.3673338739
76,"hydUND",2404.48156016637
76,"hydED",13141.068488013
76,"hydEND",16861.3067165887
77,"coal-new",39687.5785755799
77,"distPV",21.09571776
77,"wind-ons_5",46370.043624335
77,"hydUND",2955.73176796071
77,"hydNPND",129.903979240306
77,"hydEND",10418.2155491195
78,"distPV",33.5384712
78,"Gas-CC",454921.6
78,"lfill-gas",3550.52288
79,"coal-new",759943.8464
79,"CoalOldScr",335454.077056
79,"distPV",41.40867744
79,"Gas-CC",114858.645357684
79,"lfill-gas",13559.97568
8,"distPV",142.134917184
8,"hydEND",34321.7162227172
80,"battery",-27.7066189782859
80,"distPV",197.410812768
80,"Gas-CC",1201838.66198289
80,"lfill-gas",31879.16288
80,"Nuclear",5652985.7792
80,"wind-ons_5",504266.32197562
80,"wind-ons_6",202257.771748244
80,"hydEND",10802.1220128611
81,"coal-new",1170122.3388448
81,"CoalOldScr",954324.856533331
81,"CoalOldUns",519854.33152
81,"distPV",19.923905664
81,"Nuclear",1182146.272
81,"wind-ons_5",417057.619027615
81,"wind-ons_6",7205.66702873311
81,"hydEND",1409.3994827378
82,"distPV",4.74304896
82,"lfill-gas",906.51648
82,"wind-ons_5",297740.92375789
83,"CoalOldScr",356598.256
83,"distPV",10.10610432
83,"lfill-gas",2757.32096
83,"Nuclear",688881.28
83,"wind-ons_5",432603.906712606
83,"wind-ons_6",520199.688877501
84,"CoalOldUns",691021.4944
84,"distPV",13.430113632
84,"lfill-gas",1435.31776
84,"hydEND",478.630220649516
85,"coal-new",766536.4192
85,"distPV",210.451872384
85,"lfill-gas",1813.03296
85,"Nuclear",1181366.4064
85,"hydED",18152.638344389
85,"hydEND",122952.17988798
86,"distPV",11.790971712
86,"Gas-CC",2617942.87082498
87,"coal-new",240688.83968
87,"distPV",12.390827904
87,"Gas-CC",97483.2
87,"Nuclear",910493.088
88,"distPV",3.513111264
88,"Gas-CC",441858.8512
88,"lfill-gas",604.34432
89,"coal-new",1657672.46432
89,"distPV",49.490460864
89,"lfill-gas",2417.37728
89,"Nuclear",2452937.2672
89,"hydUD",9515.1742834209
89,"hydUND",13653.5319819528
89,"hydED",122842.101915716
89,"hydEND",212217.826527974
9,"distPV",3999.57603552
9,"Gas-CC",2159393.12360892
9,"lfill-gas",36109.57312
9,"Nuclear",726574.784
9,"wind-ons_5",9740.93874406969
9,"wind-ons_6",106707.8460445
9,"wind-ons_7",264688.500957934
9,"wind-ons_8",73991.8049664546
9,"hydUD",298581.816809428
9,"hydUND",61514.4786132912
9,"hydED",1755450.11884197
9,"hydEND",1077482.37578522
9,"geohydro_pflash_1",629280
90,"coal-new",727400.50976
90,"distPV",63.677757312
90,"Gas-CC",1635704.406976
90,"Nuclear",1137953.888
90,"hydED",71693.7047297921
90,"hydEND",229946.02381527
91,"distPV",220.999731264
91,"lfill-gas",6723.33056
92,"coal-new",1472541.0336
92,"CoalOldScr",737768.8288
92,"distPV",80.073051552
92,"Gas-CC",1698899.67688529
92,"lfill-gas",4683.66848
92,"Nuclear",2939248.4576
92,"wind-ons_7",8314.79968733465
92,"hydUD",18535.5162402149
92,"hydED",259639.95083806
92,"hydEND",203760.109517002
93,"coal-new",401547.616
93,"distPV",17.191227456
93,"hydUD",4188.56293112071
93,"hydNPND",7159.44689403349
93,"hydED",59423.6104373136
93,"hydEND",126468.589076635
94,"coal-new",2203098.61949623
94,"Gas-CC",1605223.36
94,"lfill-gas",18243.64416
94,"Nuclear",4068948.768
94,"hydED",182841.237263782
94,"hydEND",21280.6241012948
95,"Gas-CC",489365.664
95,"lfill-gas",3777.152
95,"Nuclear",3161186.509376
95,"hydED",10167.3405814159
95,"hydEND",51726.5883591216
96,"coal-new",1330501.056
96,"Gas-CC",932106.870108527
96,"lfill-gas",9858.36672
96,"Nuclear",1112608.256
96,"hydED",24145.206342348
96,"hydEND",72129.3133288251
97,"coal-new",2329695.36256
97,"CoalOldScr",130413.07648
97,"Gas-CC",1437032.3456
97,"lfill-gas",13711.06176
97,"Nuclear",1504880.6528
97,"wind-ons_2",292.612367689353
97,"wind-ons_3",501.867178151764
97,"hydUD",6018.65225266417
97,"hydUND",274.22639610043
97,"hydED",89819.1291598461
97,"hydEND",147082.588989888
98,"battery",-432.941176470588
98,"distPV",192.71736432
98,"Gas-CC",971582.56
98,"lfill-gas",16543.92576
98,"Nuclear",1823585.728
98,"wind-ons_5",43406.5280174675
98,"wind-ons_6",23090.2013997318
98,"hydNPND",2224.95941007605
98,"hydED",43615.5833405383
98,"hydEND",26380.3501296044
99,"distPV",194.101528608
99,"Gas-CC",2823178.4608
99,"lfill-gas",84457.11872
99,"Nuclear",2318800.384
99,"wind-ofs_3",4547.63085401612
99,"hydED",33862.1871596713
99,"hydEND",3060.71003646869
